lemma,surface,pos,frequency,context_gender,context_number,plural,plural_alternatives,plural_candidates,verb_forms,example_sentence,example_cloze,book
Todesser,Todesser,NOUN,87,masculine,plural,Todesser,Todessern,Todesser (49); Todessern (12),,Die Todesser,Die {{c1::Todesser}},04_harry_potter_und_der_feuerkelch
Kröter,Kröter,NOUN,52,masculine,plural,Kröter,Krötern,Kröter (31); Krötern (6),,"»Wir warten besser auf die Slytherins, die wollen das sicher nicht verpassen, die Knallrümpfigen Kröter!«","»Wir warten besser auf die Slytherins, die wollen das sicher nicht verpassen, die Knallrümpfigen {{c1::Kröter}}!«",04_harry_potter_und_der_feuerkelch
Feuerkelch,Feuerkelch,NOUN,30,masculine,singular,,,,,Der Feuerkelch,Der {{c1::Feuerkelch}},04_harry_potter_und_der_feuerkelch
Hornschwanz,Hornschwanz,NOUN,27,feminine,singular,,,,,Der Ungarische Hornschwanz,Der Ungarische {{c1::Hornschwanz}},04_harry_potter_und_der_feuerkelch
Wurmschwanz,Wurmschwanz,NOUN,23,feminine,singular,Wurmschwanz,,Wurmschwanz (1),,"»Du wirst sie melken, bevor wir uns zurückziehen, Wurmschwanz«, sagte die zweite Stimme.","»Du wirst sie melken, bevor wir uns zurückziehen, {{c1::Wurmschwanz}}«, sagte die zweite Stimme.",04_harry_potter_und_der_feuerkelch
Wassermensch,Wassermenschen,NOUN,21,neuter,plural,Wassermenschen,,Wassermenschen (17),,"»Myrte, dort drin leben doch nicht etwa Wassermenschen?«","»Myrte, dort drin leben doch nicht etwa {{c1::Wassermenschen}}?«",04_harry_potter_und_der_feuerkelch
Hauselfe,Hauselfe,NOUN,20,feminine,singular,,,,,"Winky würde am liebsten wieder im Zelt vom Meister sein, Harry Potter, aber Winky tut, was man ihr befiehlt, Winky ist eine gute Hauselfe.","Winky würde am liebsten wieder im Zelt vom Meister sein, Harry Potter, aber Winky tut, was man ihr befiehlt, Winky ist eine gute {{c1::Hauselfe}}.",04_harry_potter_und_der_feuerkelch
Omnigla,Omniglas,NOUN,15,neuter,singular,,,,,Ron zog sein Omniglas hervor und spähte hinunter in die Menge auf der anderen Seite des Stadions.,Ron zog sein {{c1::Omniglas}} hervor und spähte hinunter in die Menge auf der anderen Seite des Stadions.,04_harry_potter_und_der_feuerkelch
Anstecker,Anstecker,NOUN,13,masculine,plural,Anstecker,Ansteckern,Anstecker (7); Ansteckern (1),,"Darin lagen etwa fünfzig Anstecker in verschiedenen Farben, doch alle mit derselben Aufschrift:","Darin lagen etwa fünfzig {{c1::Anstecker}} in verschiedenen Farben, doch alle mit derselben Aufschrift:",04_harry_potter_und_der_feuerkelch
Beauxbaton,Beauxbatons,NOUN,13,,plural,Beauxbatons,,Beauxbatons (13),,"»Sie sehen um einiges glücklicher aus als die anderen aus Beauxbatons«, sagte Harry.","»Sie sehen um einiges glücklicher aus als die anderen aus {{c1::Beauxbatons}}«, sagte Harry.",04_harry_potter_und_der_feuerkelch
Festumhang,Festumhang,NOUN,13,masculine,singular,Festumhänge,,Festumhänge (1),,Dein Festumhang.,Dein {{c1::Festumhang}}.,04_harry_potter_und_der_feuerkelch
Winky,Winky,NOUN,13,feminine,singular,Winky,Winkys,Winky (3); Winkys (1),,"»Du hast doch vorhin beim Spiel die gute alte Winky gehört … ›Hauselfen sollen keinen Spaß haben‹ … herumkommandiert werden ist doch genau das, was sie mag …«","»Du hast doch vorhin beim Spiel die gute alte {{c1::Winky}} gehört … ›Hauselfen sollen keinen Spaß haben‹ … herumkommandiert werden ist doch genau das, was sie mag …«",04_harry_potter_und_der_feuerkelch
Niffler,Niffler,NOUN,11,masculine,singular,Niffler,,Niffler (5),,"Ein Niffler war plötzlich hochgeschnellt, umklammerte Pansy Parkinsons Arm und versuchte ihr die Uhr vom Handgelenk zu beißen.","Ein {{c1::Niffler}} war plötzlich hochgeschnellt, umklammerte Pansy Parkinsons Arm und versuchte ihr die Uhr vom Handgelenk zu beißen.",04_harry_potter_und_der_feuerkelch
Auror,Auroren,NOUN,10,masculine,singular,Auroren,,Auroren (8),,"Ich wette, das ist der Grund, warum Dumbledore dieses Jahr einen Auroren in Hogwarts haben wollte – damit er ihn im Auge behält.","Ich wette, das ist der Grund, warum Dumbledore dieses Jahr einen {{c1::Auroren}} in Hogwarts haben wollte – damit er ihn im Auge behält.",04_harry_potter_und_der_feuerkelch
Halbriese,Halbriese,NOUN,9,masculine,singular,Halbriesen,,Halbriesen (1),,Dass Hagrid ein Halbriese ist?«,Dass Hagrid ein {{c1::Halbriese}} ist?«,04_harry_potter_und_der_feuerkelch
Weihnachtsball,Weihnachtsball,NOUN,9,masculine,singular,,,,,Der Weihnachtsball,Der {{c1::Weihnachtsball}},04_harry_potter_und_der_feuerkelch
Alastor,Alastor,NOUN,8,neuter,singular,,,,,"»Alastor!«, sagte Dumbledore mahnend.","»{{c1::Alastor}}!«, sagte Dumbledore mahnend.",04_harry_potter_und_der_feuerkelch
Aufrufezauber,Aufrufezauber,NOUN,8,feminine,singular,,,,,"Er aß für sich allein am Tischende, dann kehrte er zum Gryffindor-Turm zurück, in Gedanken bei all den zusätzlichen Arbeiten, die er für die Aufrufezauber erledigen musste.","Er aß für sich allein am Tischende, dann kehrte er zum Gryffindor-Turm zurück, in Gedanken bei all den zusätzlichen Arbeiten, die er für die {{c1::Aufrufezauber}} erledigen musste.",04_harry_potter_und_der_feuerkelch
Eierrätsel,Eierrätsel,NOUN,7,neuter,singular,Eierrätsel,,Eierrätsel (3),,"»Dann hofft er, dass du ihm hilfst, sein Eierrätsel zu lösen!","»Dann hofft er, dass du ihm hilfst, sein {{c1::Eierrätsel}} zu lösen!",04_harry_potter_und_der_feuerkelch
Karkaroff,Karkaroff,NOUN,7,neuter,singular,Karkaroff,,Karkaroff (1),,"Es ist ganz einfach, Karkaroff.","Es ist ganz einfach, {{c1::Karkaroff}}.",04_harry_potter_und_der_feuerkelch
aben,aben,VERB,7,,,,,,,'Ogwarts kann keine zwei Champions 'aben.,'Ogwarts kann keine zwei Champions '{{c1::aben}}.,04_harry_potter_und_der_feuerkelch
disapparieren,disapparierte,VERB,7,,,,,,,Er disapparierte.,Er {{c1::disapparierte}}.,04_harry_potter_und_der_feuerkelch
Ministeriumszauberer,Ministeriumszauberer,NOUN,6,masculine,singular,Ministeriumszauberer,Ministeriumszauberern,Ministeriumszauberer (2); Ministeriumszauberern (2),,Schon hatte ein Ministeriumszauberer die Kinder ins Visier genommen;,Schon hatte ein {{c1::Ministeriumszauberer}} die Kinder ins Visier genommen;,04_harry_potter_und_der_feuerkelch
Rosette,Rosetten,NOUN,6,feminine,plural,Rosetten,,Rosetten (2),,"Es gab leuchtende Rosetten – grün für Irland, rot für Bulgarien –, welche in kreischendem Ton die Namen der Spieler ausriefen, grüne Spitzhüte, die mit tanzenden Kleeblättern geschmückt waren, bulgarische Schals, mit wirklich brüllenden Löwen verziert, Flaggen aus beiden Ländern, die ihre Nationalhymnen spielten, wenn man mit ihnen wedelte;","Es gab leuchtende {{c1::Rosetten}} – grün für Irland, rot für Bulgarien –, welche in kreischendem Ton die Namen der Spieler ausriefen, grüne Spitzhüte, die mit tanzenden Kleeblättern geschmückt waren, bulgarische Schals, mit wirklich brüllenden Löwen verziert, Flaggen aus beiden Ländern, die ihre Nationalhymnen spielten, wenn man mit ihnen wedelte;",04_harry_potter_und_der_feuerkelch
Unnennbar,Unnennbaren,NOUN,6,neuter,singular,Unnennbaren,,Unnennbaren (1),,"Eine makabre Seite dieser Geschichte ist nun, dass Hagrid, wie zu hören ist, eine enge Freundschaft zu dem Jungen aufgebaut hat, der den Sturz des Unnennbaren herbeiführte – und damit Hagrids Mutter und die übrig gebliebenen Anhänger des Unnennbaren in den Untergrund getrieben hat.","Eine makabre Seite dieser Geschichte ist nun, dass Hagrid, wie zu hören ist, eine enge Freundschaft zu dem Jungen aufgebaut hat, der den Sturz des {{c1::Unnennbaren}} herbeiführte – und damit Hagrids Mutter und die übrig gebliebenen Anhänger des Unnennbaren in den Untergrund getrieben hat.",04_harry_potter_und_der_feuerkelch
Unterton,Unterton,NOUN,6,masculine,singular,Untertöne,Untertönen,,,"»Wie kommst du denn darauf, Ron«, sagte Fred mit sarkastischem Unterton.","»Wie kommst du denn darauf, Ron«, sagte Fred mit sarkastischem {{c1::Unterton}}.",04_harry_potter_und_der_feuerkelch
Wheezy,Wheezy,NOUN,6,masculine,singular,,,,,Harry Potter muss in den See hinein und seinen Wheezy finden –«,Harry Potter muss in den See hinein und seinen {{c1::Wheezy}} finden –«,04_harry_potter_und_der_feuerkelch
austricksen,austricksen,VERB,6,,,,,,,"»Keine Ahnung«, sagte Fred, »aber den müssen wir auf jeden Fall austricksen.","»Keine Ahnung«, sagte Fred, »aber den müssen wir auf jeden Fall {{c1::austricksen}}.",04_harry_potter_und_der_feuerkelch
zurückwerfen,zurückgeworfen,VERB,6,,,,,,,"Und da war etwas im Wasser, das hat mich gepackt und ins Boot zurückgeworfen!","Und da war etwas im Wasser, das hat mich gepackt und ins Boot {{c1::zurückgeworfen}}!",04_harry_potter_und_der_feuerkelch
›nein‹,›nein‹,NOUN,6,masculine,singular,›nein‹,,›nein‹ (1),,"ah, es war eine Wonne, nicht mehr denken zu müssen, es war, als ob er schwebte, träumte … »antworte einfach ›nein‹ … sag doch ›nein‹, sag einfach ›nein‹ …«","ah, es war eine Wonne, nicht mehr denken zu müssen, es war, als ob er schwebte, träumte … »antworte einfach {{c1::›nein‹}} … sag doch ›nein‹, sag einfach ›nein‹ …«",04_harry_potter_und_der_feuerkelch
Archie,Archie,NOUN,5,feminine,singular,,,,,"»Zieh sie doch an, Archie, ich bitte dich, so kannst du doch nicht rumlaufen, der Muggel am Tor wird schon ziemlich misstrauisch –«","»Zieh sie doch an, {{c1::Archie}}, ich bitte dich, so kannst du doch nicht rumlaufen, der Muggel am Tor wird schon ziemlich misstrauisch –«",04_harry_potter_und_der_feuerkelch
Eichung,Eichung,NOUN,5,feminine,singular,,,,,Die Eichung der Zauberstäbe,Die {{c1::Eichung}} der Zauberstäbe,04_harry_potter_und_der_feuerkelch
Hexenwoch,Hexenwoche,NOUN,5,feminine,plural,Hexenwoche,,Hexenwoche (4),,"»Wenn das alles ist, was Rita zustande bringt, dann wird sie allmählich langweilig«, sagte Hermine und warf die Hexenwoche immer noch kichernd auf den leeren Stuhl neben sich.","»Wenn das alles ist, was Rita zustande bringt, dann wird sie allmählich langweilig«, sagte Hermine und warf die {{c1::Hexenwoche}} immer noch kichernd auf den leeren Stuhl neben sich.",04_harry_potter_und_der_feuerkelch
Kiemenkraut,Kiemenkraut,NOUN,5,masculine,singular,,,,,"ohne sich darum zu kümmern, was die anderen Champions taten, zog Harry Schuhe und Socken aus, zog die Hand voll Kiemenkraut aus der Tasche, stopfte sich die Kugel in den Mund und watete hinaus in den See.","ohne sich darum zu kümmern, was die anderen Champions taten, zog Harry Schuhe und Socken aus, zog die Hand voll {{c1::Kiemenkraut}} aus der Tasche, stopfte sich die Kugel in den Mund und watete hinaus in den See.",04_harry_potter_und_der_feuerkelch
Kimmkorn,Kimmkorn,NOUN,5,feminine,singular,,,,,"»– und wenn ich den Bericht von dieser Kimmkorn letzten Monat zwischen den Zeilen lese, dann wird mir klar, dass Moody in der Nacht, bevor er in Hogwarts antrat, angegriffen wurde.","»– und wenn ich den Bericht von dieser {{c1::Kimmkorn}} letzten Monat zwischen den Zeilen lese, dann wird mir klar, dass Moody in der Nacht, bevor er in Hogwarts antrat, angegriffen wurde.",04_harry_potter_und_der_feuerkelch
Lichtperle,Lichtperlen,NOUN,5,feminine,plural,Lichtperlen,Lichtperle,Lichtperlen (2); Lichtperle (1),,"Ich weiß, antwortete Harry der Musik, ich weiß, ich darf es nicht geschehen lassen … doch kaum hatte er es gedacht, wurde es viel schwerer, sein Zauberstab zitterte viel stärker als zuvor … und nun veränderte sich der Strahl zwischen ihm und Voldemort … es war, als ob große Lichtperlen an dem Faden zwischen den beiden Zauberstäben entlangglitten – Harry spürte den Zauberstab in seiner Hand erneut heftig zittern, während die Lichtperlen langsam und stetig auf ihn zuglitten … die Kraft des Lichtstrahls war nun gegen ihn gerichtet und ging von Voldemort aus, und Harry spürte, wie sein Zauberstab zornig bebte …","Ich weiß, antwortete Harry der Musik, ich weiß, ich darf es nicht geschehen lassen … doch kaum hatte er es gedacht, wurde es viel schwerer, sein Zauberstab zitterte viel stärker als zuvor … und nun veränderte sich der Strahl zwischen ihm und Voldemort … es war, als ob große {{c1::Lichtperlen}} an dem Faden zwischen den beiden Zauberstäben entlangglitten – Harry spürte den Zauberstab in seiner Hand erneut heftig zittern, während die Lichtperlen langsam und stetig auf ihn zuglitten … die Kraft des Lichtstrahls war nun gegen ihn gerichtet und ging von Voldemort aus, und Harry spürte, wie sein Zauberstab zornig bebte …",04_harry_potter_und_der_feuerkelch
Richtertisch,Richtertisch,NOUN,5,masculine,singular,Richtertische,Richtertischen,,,"»Ich danke allen«, sagte Dumbledore am Richtertisch und erhob sich.","»Ich danke allen«, sagte Dumbledore am {{c1::Richtertisch}} und erhob sich.",04_harry_potter_und_der_feuerkelch
Schnuffel,Schnuffel,NOUN,5,masculine,singular,,,,,"Und übrigens, wenn ihr unter euch über mich redet, dann nennt mich Schnuffel, ja?","Und übrigens, wenn ihr unter euch über mich redet, dann nennt mich {{c1::Schnuffel}}, ja?",04_harry_potter_und_der_feuerkelch
Schockzauber,Schockzauber,NOUN,5,masculine,plural,Schockzauber,,Schockzauber (2),,"»Stupor!«, riefen alle wie aus einem Mund, und die Schockzauber rasten durch die Dunkelheit wie die Feuerschweife von Raketen und schlugen Funken stiebend gegen die Schuppenpanzer der Drachen –","»Stupor!«, riefen alle wie aus einem Mund, und die {{c1::Schockzauber}} rasten durch die Dunkelheit wie die Feuerschweife von Raketen und schlugen Funken stiebend gegen die Schuppenpanzer der Drachen –",04_harry_potter_und_der_feuerkelch
abprallen,abprallen,VERB,5,,,,,,,"Er hob den Kopf nur wenige Zentimeter und sah rote Feuerstöße aus den Stäben der Zauberer über sie hinwegflammen, sich kreuzen, von Baumstämmen abprallen und sich in der Dunkelheit verlieren –","Er hob den Kopf nur wenige Zentimeter und sah rote Feuerstöße aus den Stäben der Zauberer über sie hinwegflammen, sich kreuzen, von Baumstämmen {{c1::abprallen}} und sich in der Dunkelheit verlieren –",04_harry_potter_und_der_feuerkelch
nischen,nischt,VERB,5,,,,,,,"Er 'at die Chance teilzunehmen, nischt wahr?","Er 'at die Chance teilzunehmen, {{c1::nischt}} wahr?",04_harry_potter_und_der_feuerkelch
wippen,wippen,VERB,5,,,,,,,"Winky, in kurzen Stößen atmend, begann nun mit dem Oberkörper hin und her zu wippen.","Winky, in kurzen Stößen atmend, begann nun mit dem Oberkörper hin und her zu {{c1::wippen}}.",04_harry_potter_und_der_feuerkelch
Abschiedsessen,Abschiedsessen,NOUN,4,neuter,singular,Abschiedsessen,,,,"Ihm graute vor dem Abschiedsessen, das sonst immer ein richtiges Fest war, bei dem der Sieger des Hauswettbewerbs ausgerufen wurde.","Ihm graute vor dem {{c1::Abschiedsessen}}, das sonst immer ein richtiges Fest war, bei dem der Sieger des Hauswettbewerbs ausgerufen wurde.",04_harry_potter_und_der_feuerkelch
Grips,Grips,NOUN,4,masculine,singular,Grips,,Grips (1),,"»Es ist ja nicht so, dass sie keinen Grips hätten«, fuhr sie gereizt fort, trug den Topf hinüber zum Herd und entzündete diesen mit einem Stupser ihres Zauberstabs.","»Es ist ja nicht so, dass sie keinen {{c1::Grips}} hätten«, fuhr sie gereizt fort, trug den Topf hinüber zum Herd und entzündete diesen mit einem Stupser ihres Zauberstabs.",04_harry_potter_und_der_feuerkelch
Ingwerwurzel,Ingwerwurzeln,NOUN,4,,plural,Ingwerwurzeln,,Ingwerwurzeln (4),,Harry schüttete die zerstäubten Käfer in seinen Kessel und begann seine Ingwerwurzeln klein zu schneiden.,Harry schüttete die zerstäubten Käfer in seinen Kessel und begann seine {{c1::Ingwerwurzeln}} klein zu schneiden.,04_harry_potter_und_der_feuerkelch
Kaminvorleger,Kaminvorleger,NOUN,4,masculine,singular,,,,,"Die Schlange hingegen hatte sich, wie die grausige Karikatur eines Schoßhündchens, auf dem verrotteten Kaminvorleger eingekringelt.","Die Schlange hingegen hatte sich, wie die grausige Karikatur eines Schoßhündchens, auf dem verrotteten {{c1::Kaminvorleger}} eingekringelt.",04_harry_potter_und_der_feuerkelch
Lähmzauber,Lähmzauber,NOUN,4,masculine,singular,,,,,»Wir wollten doch den Lähmzauber üben!,»Wir wollten doch den {{c1::Lähmzauber}} üben!,04_harry_potter_und_der_feuerkelch
Medimagier,Medimagier,NOUN,4,neuter,plural,Medimagier,Medimagiern,Medimagier (2); Medimagiern (1),,"»Die Medimagier laufen aufs Spielfeld, um Aidan Lynch zu verarzten!«","»Die {{c1::Medimagier}} laufen aufs Spielfeld, um Aidan Lynch zu verarzten!«",04_harry_potter_und_der_feuerkelch
Morgenrock,Morgenrock,NOUN,4,neuter,singular,Morgenröcke,Morgenröcken,,,"»Barty«, flüsterte eine Hexe in einem langen wollenen Morgenrock, »das sind doch noch Kinder, Barty, die wären doch nie in der Lage –«","»Barty«, flüsterte eine Hexe in einem langen wollenen {{c1::Morgenrock}}, »das sind doch noch Kinder, Barty, die wären doch nie in der Lage –«",04_harry_potter_und_der_feuerkelch
Nachbildung,Nachbildung,NOUN,4,feminine,singular,Nachbildungen,,,,"Zwar kaufte sich Ron einen Hut mit tanzenden Kleeblättern und eine große grüne Rosette, doch auch eine kleine Nachbildung von Viktor Krum, dem bulgarischen Sucher.","Zwar kaufte sich Ron einen Hut mit tanzenden Kleeblättern und eine große grüne Rosette, doch auch eine kleine {{c1::Nachbildung}} von Viktor Krum, dem bulgarischen Sucher.",04_harry_potter_und_der_feuerkelch
Satin,Satin,NOUN,4,neuter,singular,Satins,,,,Sie war von Kopf bis Fuß in schwarzen Satin gekleidet und an ihrem Hals und ihren dicken Händen glitzerten viele prächtige Opale.,Sie war von Kopf bis Fuß in schwarzen {{c1::Satin}} gekleidet und an ihrem Hals und ihren dicken Händen glitzerten viele prächtige Opale.,04_harry_potter_und_der_feuerkelch
Schulzeit,Schulzeit,NOUN,4,feminine,singular,Schulzeiten,,,,"Harrys Hass auf Snape wurde nur von Snapes Hass auf Harry übertroffen, ein Hass, der sich letztes Jahr wohl noch gesteigert hatte, als Harry Sirius geholfen hatte, direkt unter Snapes übergroßer Nase zu entkommen – Snape und Sirius waren seit ihrer eigenen Schulzeit miteinander verfeindet.","Harrys Hass auf Snape wurde nur von Snapes Hass auf Harry übertroffen, ein Hass, der sich letztes Jahr wohl noch gesteigert hatte, als Harry Sirius geholfen hatte, direkt unter Snapes übergroßer Nase zu entkommen – Snape und Sirius waren seit ihrer eigenen {{c1::Schulzeit}} miteinander verfeindet.",04_harry_potter_und_der_feuerkelch
Zaghawa,ZAGs,NOUN,4,,plural,ZAGs,,ZAGs (4),,"Sie haben nicht so viele ZAGs gekriegt, wie sie erwartet hat.","Sie haben nicht so viele {{c1::ZAGs}} gekriegt, wie sie erwartet hat.",04_harry_potter_und_der_feuerkelch
bebend,bebend,ADV,4,,,,,,,"»So sprichst du nicht mit mir!«, sagte Onkel Vernon bebend vor Wut.","»So sprichst du nicht mit mir!«, sagte Onkel Vernon {{c1::bebend}} vor Wut.",04_harry_potter_und_der_feuerkelch
befleißen,beflissen,VERB,4,,,,,,,"»Kleine Wette ums Spiel gefällig, Arthur?«, sagte er beflissen und klimperte mit einer offenbar großen Menge Goldmünzen in den Taschen seines gelbschwarzen Umhangs.","»Kleine Wette ums Spiel gefällig, Arthur?«, sagte er {{c1::beflissen}} und klimperte mit einer offenbar großen Menge Goldmünzen in den Taschen seines gelbschwarzen Umhangs.",04_harry_potter_und_der_feuerkelch
entspannt,entspannt,ADV,4,,,,,,,"kaum hatten sie sich ganz entspannt und munter schwatzend gegen die Absperrung gelehnt, als sie auch schon seitlich hindurchglitten … und Gleis neundreiviertel vor ihren Augen auftauchte.","kaum hatten sie sich ganz {{c1::entspannt}} und munter schwatzend gegen die Absperrung gelehnt, als sie auch schon seitlich hindurchglitten … und Gleis neundreiviertel vor ihren Augen auftauchte.",04_harry_potter_und_der_feuerkelch
gegeneinander,gegeneinander,ADV,4,,,,,,,"»Wie ihr wisst, kämpfen im Turnier drei Champions gegeneinander«, fuhr Dumbledore gelassen fort, »von jeder teilnehmenden Schule einer.","»Wie ihr wisst, kämpfen im Turnier drei Champions {{c1::gegeneinander}}«, fuhr Dumbledore gelassen fort, »von jeder teilnehmenden Schule einer.",04_harry_potter_und_der_feuerkelch
gezückten,gezückten,ADJ,4,,,,,,,"Was den Krach verursachte, erkannten sie erst, als sie in den Garten kamen und sahen, dass Bill und Charlie mit gezückten Zauberstäben zwei arg ramponierte alte Tische hoch über dem Rasen fliegen und gegeneinanderknallen ließen, um den des Gegners zum Absturz zu bringen.","Was den Krach verursachte, erkannten sie erst, als sie in den Garten kamen und sahen, dass Bill und Charlie mit {{c1::gezückten}} Zauberstäben zwei arg ramponierte alte Tische hoch über dem Rasen fliegen und gegeneinanderknallen ließen, um den des Gegners zum Absturz zu bringen.",04_harry_potter_und_der_feuerkelch
giggelte,giggelte,VERB,4,,,,,,,"Lavender giggelte noch heftiger und presste die Hand auf den Mund, um den Anfall zu ersticken.","Lavender {{c1::giggelte}} noch heftiger und presste die Hand auf den Mund, um den Anfall zu ersticken.",04_harry_potter_und_der_feuerkelch
gleißend,gleißend,ADV,4,,,,,,,Harry wurde jäh von einem gleißend weißen Licht geblendet;,Harry wurde jäh von einem {{c1::gleißend}} weißen Licht geblendet;,04_harry_potter_und_der_feuerkelch
isch,isch,ADV,4,,,,,,,"»Isch – isch weiß nischt, was Sie meinen, 'Agrid …«","»{{c1::isch}} – isch weiß nischt, was Sie meinen, 'Agrid …«",04_harry_potter_und_der_feuerkelch
klatschend,klatschend,ADV,4,,,,,,,"»Er wusste, dass sie nie aufholen würden«, rief ihm Harry, ebenfalls laut klatschend, durch den Lärm hindurch zu.","»Er wusste, dass sie nie aufholen würden«, rief ihm Harry, ebenfalls laut {{c1::klatschend}}, durch den Lärm hindurch zu.",04_harry_potter_und_der_feuerkelch
magentarot,magentarotem,ADJ,4,,,,,,,Fünf Stühle standen hinter diesen Tischen und auf einem davon saß Ludo Bagman und unterhielt sich mit einer Hexe in magentarotem Umhang.,Fünf Stühle standen hinter diesen Tischen und auf einem davon saß Ludo Bagman und unterhielt sich mit einer Hexe in {{c1::magentarotem}} Umhang.,04_harry_potter_und_der_feuerkelch
minder,minder,ADV,4,,,,,,,"»Cool!«, sagte Colin, nicht minder begeistert.","»Cool!«, sagte Colin, nicht {{c1::minder}} begeistert.",04_harry_potter_und_der_feuerkelch
misch,misch,ADV,4,,,,,,,"»Du kennst sie doch – misch 'ne hübsche Portion Elend rein, und sie leckt es dir aus der Hand.«","»Du kennst sie doch – {{c1::misch}} 'ne hübsche Portion Elend rein, und sie leckt es dir aus der Hand.«",04_harry_potter_und_der_feuerkelch
straff,straff,ADV,4,,,,,,,"er war damit beschäftigt, zu prüfen, ob die Seile straff genug saßen.","er war damit beschäftigt, zu prüfen, ob die Seile {{c1::straff}} genug saßen.",04_harry_potter_und_der_feuerkelch
strikt,strikt,ADV,4,,,,,,,"Er sprach, als ob er niemanden darüber im Zweifel lassen wollte, dass all seine Vorfahren das Gesetz strikt befolgt hatten.","Er sprach, als ob er niemanden darüber im Zweifel lassen wollte, dass all seine Vorfahren das Gesetz {{c1::strikt}} befolgt hatten.",04_harry_potter_und_der_feuerkelch
zuschenken,schenken,VERB,4,,,,,,,"Harry wusste, dass die einzige Möglichkeit, einen Hauselfen in die Freiheit zu entlassen, darin bestand, ihm richtige Kleider zu schenken.","Harry wusste, dass die einzige Möglichkeit, einen Hauselfen in die Freiheit zu entlassen, darin bestand, ihm richtige Kleider zu {{c1::schenken}}.",04_harry_potter_und_der_feuerkelch
zustürzen,stürzen,VERB,4,,,,,,,Die Frage schien Hagrid in Verlegenheit zu stürzen.,Die Frage schien Hagrid in Verlegenheit zu {{c1::stürzen}}.,04_harry_potter_und_der_feuerkelch
Alterungstrank,Alterungstrank,NOUN,3,feminine,singular,,,,,"Ich denke mal, ein paar Tropfen Alterungstrank werden genügen, George …«","Ich denke mal, ein paar Tropfen {{c1::Alterungstrank}} werden genügen, George …«",04_harry_potter_und_der_feuerkelch
Bagman,Bagman,NOUN,3,masculine,singular,,,,,"»Witz?«, echote Bagman verdutzt.","»Witz?«, echote {{c1::Bagman}} verdutzt.",04_harry_potter_und_der_feuerkelch
Beide,beiden,NOUN,3,,plural,beiden,,beiden (3),,"»Bitte sehr«, sagte sie und verteilte sie zwischen den beiden. »","»Bitte sehr«, sagte sie und verteilte sie zwischen den {{c1::beiden}}. »",04_harry_potter_und_der_feuerkelch
Bestellformular,Bestellformulare,NOUN,3,neuter,plural,Bestellformulare,,Bestellformulare (1),,"Sie hat ihnen verboten, an den Sachen weiterzubasteln, und hat alle Bestellformulare verbrannt …","Sie hat ihnen verboten, an den Sachen weiterzubasteln, und hat alle {{c1::Bestellformulare}} verbrannt …",04_harry_potter_und_der_feuerkelch
Drachengehege,Drachengehege,NOUN,3,masculine,singular,,,,,Dann schlich er zurück in den Schutz der Bäume und stahl sich weiter zum Drachengehege vor.,Dann schlich er zurück in den Schutz der Bäume und stahl sich weiter zum {{c1::Drachengehege}} vor.,04_harry_potter_und_der_feuerkelch
Drachenwärter,Drachenwärter,NOUN,3,,plural,Drachenwärter,,Drachenwärter (3),,"Harry sah, wie die Drachenwärter ihre Zauberstäbe zogen.","Harry sah, wie die {{c1::Drachenwärter}} ihre Zauberstäbe zogen.",04_harry_potter_und_der_feuerkelch
Elfenrecht,Elfenrechte,NOUN,3,,plural,Elfenrechte,,Elfenrechte (3),,"»Hermine, du hast ja Recht«, warf Mr Weasley rasch ein und winkte sie weiter, »aber jetzt ist nicht die Zeit, über Elfenrechte zu diskutieren.","»Hermine, du hast ja Recht«, warf Mr Weasley rasch ein und winkte sie weiter, »aber jetzt ist nicht die Zeit, über {{c1::Elfenrechte}} zu diskutieren.",04_harry_potter_und_der_feuerkelch
Fanclub,Fanclub,NOUN,3,masculine,singular,Fanclubs,,,,"»Komm, Harry, wir gehen nach oben in den Gemeinschaftsraum … sein Fanclub wird gleich hier sein und sich begeiern …«","»Komm, Harry, wir gehen nach oben in den Gemeinschaftsraum … sein {{c1::Fanclub}} wird gleich hier sein und sich begeiern …«",04_harry_potter_und_der_feuerkelch
Fußmarsch,Fußmarsch,NOUN,3,masculine,singular,Fußmärsche,Fußmärschen,,,"»Wir haben einen kleinen Fußmarsch vor uns«, sagte Mr Weasley.","»Wir haben einen kleinen {{c1::Fußmarsch}} vor uns«, sagte Mr Weasley.",04_harry_potter_und_der_feuerkelch
Gejammer,Gejammer,NOUN,3,neuter,singular,,,,,"Das Ei war hohl und ganz leer – doch kaum hatte Harry es aufgeklappt, drang ihnen ein grässlich lautes und kreischendes Gejammer in die Ohren.","Das Ei war hohl und ganz leer – doch kaum hatte Harry es aufgeklappt, drang ihnen ein grässlich lautes und kreischendes {{c1::Gejammer}} in die Ohren.",04_harry_potter_und_der_feuerkelch
Goldbeutel,Goldbeutel,NOUN,3,masculine,singular,Goldbeutel,,Goldbeutel (1),,"»Dein Gewinn«, sagte er knapp, zog einen großen Goldbeutel aus der Tasche und ließ ihn auf Harrys Nachttisch fallen.","»Dein Gewinn«, sagte er knapp, zog einen großen {{c1::Goldbeutel}} aus der Tasche und ließ ihn auf Harrys Nachttisch fallen.",04_harry_potter_und_der_feuerkelch
Kerkertür,Kerkertür,NOUN,3,feminine,singular,,,,,"»Ist das nicht toll, Harry?«, sagte Colin, kaum hatte Harry die Kerkertür hinter sich geschlossen.","»Ist das nicht toll, Harry?«, sagte Colin, kaum hatte Harry die {{c1::Kerkertür}} hinter sich geschlossen.",04_harry_potter_und_der_feuerkelch
Kettenstuhl,Kettenstuhl,NOUN,3,neuter,singular,,,,,"Ein leises Schaudern lief durch die Zuschauerreihen, während die Dementoren den Mann zu dem Kettenstuhl führten und dann hinausglitten.","Ein leises Schaudern lief durch die Zuschauerreihen, während die Dementoren den Mann zu dem {{c1::Kettenstuhl}} führten und dann hinausglitten.",04_harry_potter_und_der_feuerkelch
Knallrümpfig,Knallrümpfigen,NOUN,3,,plural,Knallrümpfigen,,Knallrümpfigen (3),,"»Wir warten besser auf die Slytherins, die wollen das sicher nicht verpassen, die Knallrümpfigen Kröter!«","»Wir warten besser auf die Slytherins, die wollen das sicher nicht verpassen, die {{c1::Knallrümpfigen}} Kröter!«",04_harry_potter_und_der_feuerkelch
Krum,Krum,NOUN,3,neuter,singular,,,,,Uuuuuund – Krum!«,Uuuuuund – {{c1::Krum}}!«,04_harry_potter_und_der_feuerkelch
Kurzschnäuzler,Kurzschnäuzler,NOUN,3,masculine,singular,,,,,"»Dort drüben ist ein Gemeiner Walisischer Grünling, der kleine da – dieser blaugraue – ist ein Schwedischer Kurzschnäuzler und der rote dort ist ein Chinesischer Feuerball.«","»Dort drüben ist ein Gemeiner Walisischer Grünling, der kleine da – dieser blaugraue – ist ein Schwedischer {{c1::Kurzschnäuzler}} und der rote dort ist ein Chinesischer Feuerball.«",04_harry_potter_und_der_feuerkelch
Lehrertisch,Lehrertisch,NOUN,3,masculine,singular,,,,,"»Wo ist der neue Lehrer für Verteidigung gegen die dunklen Künste?«, fragte Hermine, die ebenfalls zum Lehrertisch hochsah.","»Wo ist der neue Lehrer für Verteidigung gegen die dunklen Künste?«, fragte Hermine, die ebenfalls zum {{c1::Lehrertisch}} hochsah.",04_harry_potter_und_der_feuerkelch
Lichterfeen,Lichterfeen,NOUN,3,,plural,Lichterfeen,,Lichterfeen (3),,"Er spähte über ihre Köpfe hinweg und sah, dass sie draußen direkt vor dem Schloss ein Stück Rasen in eine Art Grotte voller Lichterfeen verwandelt hatten – Hunderte von echten Feen saßen dort in Rosenbüschen oder flatterten über einem steinernen Weihnachtsmann mit Rentier.","Er spähte über ihre Köpfe hinweg und sah, dass sie draußen direkt vor dem Schloss ein Stück Rasen in eine Art Grotte voller {{c1::Lichterfeen}} verwandelt hatten – Hunderte von echten Feen saßen dort in Rosenbüschen oder flatterten über einem steinernen Weihnachtsmann mit Rentier.",04_harry_potter_und_der_feuerkelch
Portschlüssel,Portschlüsseln,NOUN,3,masculine,plural,Portschlüsseln,,Portschlüsseln (1),,"»Morgen, Basil«, sagte Mr Weasley, hob den Stiefel auf und reichte ihn dem Zauberer im Kilt, der ihn in eine große Kiste mit gebrauchten Portschlüsseln warf;","»Morgen, Basil«, sagte Mr Weasley, hob den Stiefel auf und reichte ihn dem Zauberer im Kilt, der ihn in eine große Kiste mit gebrauchten {{c1::Portschlüsseln}} warf;",04_harry_potter_und_der_feuerkelch
Sammelzauber,Sammelzaubers,NOUN,3,masculine,singular,,,,,"die Zwillinge hatten offenbar beabsichtigt, möglichst viele Toffeebohnen aus dem Haus zu schmuggeln, und erst mit Hilfe ihres Sammelzaubers schaffte es Mrs Weasley, aller habhaft zu werden.","die Zwillinge hatten offenbar beabsichtigt, möglichst viele Toffeebohnen aus dem Haus zu schmuggeln, und erst mit Hilfe ihres {{c1::Sammelzaubers}} schaffte es Mrs Weasley, aller habhaft zu werden.",04_harry_potter_und_der_feuerkelch
Schocker,Schocker,NOUN,3,masculine,singular,,,,,"Versuch es bloß nicht mit einem Schockzauber – Drachen sind zu stark und als magische Wesen viel zu mächtig, um von einem einzigen Schocker ausgeschaltet zu werden.","Versuch es bloß nicht mit einem Schockzauber – Drachen sind zu stark und als magische Wesen viel zu mächtig, um von einem einzigen {{c1::Schocker}} ausgeschaltet zu werden.",04_harry_potter_und_der_feuerkelch
Schulkrankenschwester,Schulkrankenschwester,NOUN,3,masculine,plural,Schulkrankenschwester,,Schulkrankenschwester (1),,"Allerdings fanden sich am Ende des Schreibens einige sorgsam gewählte Bemerkungen der Schulkrankenschwester, die nicht einmal Onkel Vernon und Tante Petunia wegerklären konnten.","Allerdings fanden sich am Ende des Schreibens einige sorgsam gewählte Bemerkungen der {{c1::Schulkrankenschwester}}, die nicht einmal Onkel Vernon und Tante Petunia wegerklären konnten.",04_harry_potter_und_der_feuerkelch
Sippschaft,Sippschaft,NOUN,3,feminine,singular,Sippschaften,,,,"Jedenfalls sieht's nicht so aus, als käme irgendwas über seine Sippschaft in unseren Nachrichten –«","Jedenfalls sieht's nicht so aus, als käme irgendwas über seine {{c1::Sippschaft}} in unseren Nachrichten –«",04_harry_potter_und_der_feuerkelch
Sirren,Sirren,NOUN,3,neuter,singular,,,,,"Ein gleißend heller grüner Lichtstrahl, ein scharfes Sirren, als ob ein mächtiges, unsichtbares Etwas durch die Luft raste – und im selben Augenblick kullerte die Spinne auf den Rücken, unverletzt, doch offensichtlich tot.","Ein gleißend heller grüner Lichtstrahl, ein scharfes {{c1::Sirren}}, als ob ein mächtiges, unsichtbares Etwas durch die Luft raste – und im selben Augenblick kullerte die Spinne auf den Rücken, unverletzt, doch offensichtlich tot.",04_harry_potter_und_der_feuerkelch
Slytherin-Mädch,Slytherin-Mädchen,NOUN,3,,plural,Slytherin-Mädchen,,Slytherin-Mädchen (3),,Pansy Parkinson und die anderen Slytherin-Mädchen krümmten sich hinter Snapes Rücken lautlos vor Lachen und deuteten mit den Fingern auf Hermine.,Pansy Parkinson und die anderen {{c1::Slytherin-Mädchen}} krümmten sich hinter Snapes Rücken lautlos vor Lachen und deuteten mit den Fingern auf Hermine.,04_harry_potter_und_der_feuerkelch
Sonorus,Sonorus,NOUN,3,masculine,plural,Sonorus,,Sonorus (2),,"Ludo zückte seinen Zauberstab, richtete ihn gegen die eigene Kehle und sagte: »Sonorus!«","Ludo zückte seinen Zauberstab, richtete ihn gegen die eigene Kehle und sagte: »{{c1::Sonorus}}!«",04_harry_potter_und_der_feuerkelch
Stichflamme,Stichflammen,NOUN,3,feminine,plural,Stichflammen,,Stichflammen (1),,"In einem mit schweren Holzplanken umgrenzten Gehege standen vier ausgewachsene, gewaltige, bösartig aussehende Drachen brüllend und schnaubend auf den Hinterbeinen – aus ihren weit aufgerissenen, mit Fangzähnen gespickten Mäulern, fünfzehn Meter hoch auf den gereckten Hälsen, schossen lange Stichflammen in die Nacht.","In einem mit schweren Holzplanken umgrenzten Gehege standen vier ausgewachsene, gewaltige, bösartig aussehende Drachen brüllend und schnaubend auf den Hinterbeinen – aus ihren weit aufgerissenen, mit Fangzähnen gespickten Mäulern, fünfzehn Meter hoch auf den gereckten Hälsen, schossen lange {{c1::Stichflammen}} in die Nacht.",04_harry_potter_und_der_feuerkelch
Umtrieb,Umtriebe,NOUN,3,,plural,Umtriebe,Umtrieben,Umtriebe (2); Umtrieben (1),,"Schön, Mad-Eye hat sich vielleicht deinem Fanclub angeschlossen, ich aber werde diese Umtriebe nicht dulden!","Schön, Mad-Eye hat sich vielleicht deinem Fanclub angeschlossen, ich aber werde diese {{c1::Umtriebe}} nicht dulden!",04_harry_potter_und_der_feuerkelch
Vortreppe,Vortreppe,NOUN,3,feminine,singular,Vortreppen,,,,Sie gingen im Gänsemarsch die Vortreppe hinunter und reihten sich vor dem Schloss auf.,Sie gingen im Gänsemarsch die {{c1::Vortreppe}} hinunter und reihten sich vor dem Schloss auf.,04_harry_potter_und_der_feuerkelch
Wahrheitselixier,Wahrheitselixier,NOUN,3,masculine,singular,,,,,"»Das ist ein Veritaserum – ein Wahrheitselixier, das so mächtig ist, dass drei Tropfen genügen, damit du vor der ganzen Klasse deine tiefsten Geheimnisse ausplauderst«, sagte Snape mit tückischer Miene.","»Das ist ein Veritaserum – ein {{c1::Wahrheitselixier}}, das so mächtig ist, dass drei Tropfen genügen, damit du vor der ganzen Klasse deine tiefsten Geheimnisse ausplauderst«, sagte Snape mit tückischer Miene.",04_harry_potter_und_der_feuerkelch
Wärmflasche,Wärmflasche,NOUN,3,feminine,singular,Wärmflaschen,,Wärmflaschen (1),,"Er stand auf und humpelte nach unten in die Küche, um seine Wärmflasche aufzufüllen, mit der er seinem steifen Knie ein wenig Linderung verschaffen konnte.","Er stand auf und humpelte nach unten in die Küche, um seine {{c1::Wärmflasche}} aufzufüllen, mit der er seinem steifen Knie ein wenig Linderung verschaffen konnte.",04_harry_potter_und_der_feuerkelch
ausmergeln,ausgemergelt,VERB,3,,,,,,,"Als sie sich verabschiedet hatten, war sein Gesicht noch ausgemergelt und hohlwangig gewesen, umwachsen von einer langen verfilzten Haarmähne – doch nun war sein Haar kurz und sauber, sein Gesicht voller, und er sah jünger aus, viel eher wie auf dem einzigen Foto, das Harry von ihm besaß und das bei der Hochzeit der Potters aufgenommen worden war.","Als sie sich verabschiedet hatten, war sein Gesicht noch {{c1::ausgemergelt}} und hohlwangig gewesen, umwachsen von einer langen verfilzten Haarmähne – doch nun war sein Haar kurz und sauber, sein Gesicht voller, und er sah jünger aus, viel eher wie auf dem einzigen Foto, das Harry von ihm besaß und das bei der Hochzeit der Potters aufgenommen worden war.",04_harry_potter_und_der_feuerkelch
bellend,bellend,ADV,3,,,,,,,sofort stürzte sich Fang wie verrückt bellend auf Harry und versuchte ihm die Ohren zu lecken.,sofort stürzte sich Fang wie verrückt {{c1::bellend}} auf Harry und versuchte ihm die Ohren zu lecken.,04_harry_potter_und_der_feuerkelch
belustigt,belustigt,ADV,3,,,,,,,Der zweite Mann klang belustigt.,Der zweite Mann klang {{c1::belustigt}}.,04_harry_potter_und_der_feuerkelch
beängstigend,beängstigend,ADV,3,,,,,,,"Hagrid, etwa doppelt so groß wie ein normal gewachsener Mann und mindestens dreimal so breit, sah mit seinem langen, wilden und zerzausten schwarzen Haar und seinem Bart ein wenig beängstigend aus – ein falscher Eindruck, wie Harry, Ron und Hermine wussten, denn Hagrid war von ausgesprochen freundlichem Gemüt.","Hagrid, etwa doppelt so groß wie ein normal gewachsener Mann und mindestens dreimal so breit, sah mit seinem langen, wilden und zerzausten schwarzen Haar und seinem Bart ein wenig {{c1::beängstigend}} aus – ein falscher Eindruck, wie Harry, Ron und Hermine wussten, denn Hagrid war von ausgesprochen freundlichem Gemüt.",04_harry_potter_und_der_feuerkelch
disappariert,disappariert,VERB,3,,,,,,,»Die sind bestimmt schon disappariert.«,»Die sind bestimmt schon {{c1::disappariert}}.«,04_harry_potter_und_der_feuerkelch
einbrennen,einbrennen,VERB,3,,,,,,,"»Weil ich das für immer in mein Gedächtnis einbrennen will«, sagte Ron mit geschlossenen Augen und einem Ausdruck von ungetrübter Glückseligkeit auf dem Gesicht.","»Weil ich das für immer in mein Gedächtnis {{c1::einbrennen}} will«, sagte Ron mit geschlossenen Augen und einem Ausdruck von ungetrübter Glückseligkeit auf dem Gesicht.",04_harry_potter_und_der_feuerkelch
einliefern,eingeliefert,VERB,3,,,,,,,"»Ich selbst war bereits in Askaban, als sie ihn eingeliefert haben.","»Ich selbst war bereits in Askaban, als sie ihn {{c1::eingeliefert}} haben.",04_harry_potter_und_der_feuerkelch
errötend,errötend,ADV,3,,,,,,,"»Mr Crouch – ich – ich habe nie auch nur eine Andeutung gemacht, dass Sie irgendetwas damit zu tun hätten!«, murmelte Amos Diggory unter seinem braunen Stoppelbart errötend.","»Mr Crouch – ich – ich habe nie auch nur eine Andeutung gemacht, dass Sie irgendetwas damit zu tun hätten!«, murmelte Amos Diggory unter seinem braunen Stoppelbart {{c1::errötend}}.",04_harry_potter_und_der_feuerkelch
ersaufen,ersaufen,VERB,3,,,,,,,"Dudley hatte, als er noch kleiner war, Unterricht bekommen, doch Tante Petunia und Onkel Vernon hatten sich nie darum gekümmert, dass Harry schwimmen lernte, zweifellos in der Hoffnung, Harry würde eines Tages ersaufen.","Dudley hatte, als er noch kleiner war, Unterricht bekommen, doch Tante Petunia und Onkel Vernon hatten sich nie darum gekümmert, dass Harry schwimmen lernte, zweifellos in der Hoffnung, Harry würde eines Tages {{c1::ersaufen}}.",04_harry_potter_und_der_feuerkelch
freimütig,freimütig,ADV,3,,,,,,,"Professor Dumbledore hat gesagt, wir dürfen freimütig –«","Professor Dumbledore hat gesagt, wir dürfen {{c1::freimütig}} –«",04_harry_potter_und_der_feuerkelch
genervt,genervt,ADV,3,,,,,,,In diesem Moment öffnete sich eine Tür auf dem zweiten Treppenabsatz und ein sehr genervt aussehendes Gesicht mit Hornbrille lugte hervor.,In diesem Moment öffnete sich eine Tür auf dem zweiten Treppenabsatz und ein sehr {{c1::genervt}} aussehendes Gesicht mit Hornbrille lugte hervor.,04_harry_potter_und_der_feuerkelch
hervortreten,hervortraten,VERB,3,,,,,,,"Zwanzig Minuten lang gingen sie durch den Wald, laut redend und scherzend, bis sie endlich auf der anderen Seite zwischen den Bäumen hervortraten und sich im Schatten eines gigantischen Stadions fanden.","Zwanzig Minuten lang gingen sie durch den Wald, laut redend und scherzend, bis sie endlich auf der anderen Seite zwischen den Bäumen {{c1::hervortraten}} und sich im Schatten eines gigantischen Stadions fanden.",04_harry_potter_und_der_feuerkelch
hierherkommen,hierherkommen,VERB,3,,,,,,,"»– und dann ist sie natürlich vors Zaubereiministerium gezogen, damit ich ihr nicht mehr nachspuke, deshalb musste ich wieder hierherkommen und in meinem Klo leben.","»– und dann ist sie natürlich vors Zaubereiministerium gezogen, damit ich ihr nicht mehr nachspuke, deshalb musste ich wieder {{c1::hierherkommen}} und in meinem Klo leben.",04_harry_potter_und_der_feuerkelch
hinuntersteigen,hinunterstiegen,VERB,3,,,,,,,"»Was hat Mr Crouch gesagt, Harry?«, fragte Dumbledore, während sie hastig die Marmortreppe hinunterstiegen.","»Was hat Mr Crouch gesagt, Harry?«, fragte Dumbledore, während sie hastig die Marmortreppe {{c1::hinunterstiegen}}.",04_harry_potter_und_der_feuerkelch
hochstarren,hochstarrte,VERB,3,,,,,,,"»Das können sie nicht machen!«, sagte George Weasley, der sich dem Strom zur Tür nicht angeschlossen hatte, sondern nur dastand und zornfunkelnd zu Dumbledore hochstarrte.","»Das können sie nicht machen!«, sagte George Weasley, der sich dem Strom zur Tür nicht angeschlossen hatte, sondern nur dastand und zornfunkelnd zu Dumbledore {{c1::hochstarrte}}.",04_harry_potter_und_der_feuerkelch
knirschend,knirschend,ADV,3,,,,,,,"»Hat er dich erwischt?«, sagte Moody leise knirschend.","»Hat er dich erwischt?«, sagte Moody leise {{c1::knirschend}}.",04_harry_potter_und_der_feuerkelch
konzentrier,Konzentrier,ADV,3,,,,,,,"»Konzentrier dich, Harry, konzentrier dich …«","»{{c1::Konzentrier}} dich, Harry, konzentrier dich …«",04_harry_potter_und_der_feuerkelch
kreischenden,kreischenden,ADJ,3,,,,,,,"»Sehr gewagt!«, rief Bagman, und Harry hörte, wie der Chinesische Feuerball einen grauenhaften, kreischenden Schrei ausstieß und die Menge auf einen Schlag den Atem anhielt.","»Sehr gewagt!«, rief Bagman, und Harry hörte, wie der Chinesische Feuerball einen grauenhaften, {{c1::kreischenden}} Schrei ausstieß und die Menge auf einen Schlag den Atem anhielt.",04_harry_potter_und_der_feuerkelch
schuhuhen,schuhuhte,VERB,3,,,,,,,"Hastig knüpfte Harry das Pergament los und setzte sich, um es zu lesen, woraufhin Hedwig ihm aufs Knie flatterte und leise schuhuhte.","Hastig knüpfte Harry das Pergament los und setzte sich, um es zu lesen, woraufhin Hedwig ihm aufs Knie flatterte und leise {{c1::schuhuhte}}.",04_harry_potter_und_der_feuerkelch
sisch,sisch,ADV,3,,,,,,,"»Isch 'offe, Sie befinden sisch wohl?«","»Isch 'offe, Sie befinden {{c1::sisch}} wohl?«",04_harry_potter_und_der_feuerkelch
totmachen,totgemacht,VERB,3,,,,,,,»Ihr habt ihn totgemacht!,»Ihr habt ihn {{c1::totgemacht}}!,04_harry_potter_und_der_feuerkelch
tränen,tränten,VERB,3,,,,,,,"Malfoy, dessen blasse Augen immer noch vor Schmerz und Scham tränten, sah voller Hass zu Moody auf und murmelte etwas, aus dem die Wörter »mein Vater« herauszuhören waren.","Malfoy, dessen blasse Augen immer noch vor Schmerz und Scham {{c1::tränten}}, sah voller Hass zu Moody auf und murmelte etwas, aus dem die Wörter »mein Vater« herauszuhören waren.",04_harry_potter_und_der_feuerkelch
türlich,türlich,ADV,3,,,,,,,"»Aahr, 'türlich hat er Recht – ihr habt alle Recht … war dumm von mir … mein alter Dad hätt sich geschämt für mich …«","»Aahr, '{{c1::türlich}} hat er Recht – ihr habt alle Recht … war dumm von mir … mein alter Dad hätt sich geschämt für mich …«",04_harry_potter_und_der_feuerkelch
umso,umso,ADV,3,,,,,,,"die Einzelheiten versickerten umso schneller, je angestrengter er versuchte, sie festzuhalten …","die Einzelheiten versickerten {{c1::umso}} schneller, je angestrengter er versuchte, sie festzuhalten …",04_harry_potter_und_der_feuerkelch
unwahrscheinlich,unwahrscheinlich,ADV,3,,,,,,,"deshalb war es höchst unwahrscheinlich, dass er seine Leiden in Magische Hauskrankheiten und Gebrechen wiederfinden würde.","deshalb war es höchst {{c1::unwahrscheinlich}}, dass er seine Leiden in Magische Hauskrankheiten und Gebrechen wiederfinden würde.",04_harry_potter_und_der_feuerkelch
unwichtig,unwichtig,ADV,3,,,,,,,Zuhören war unwichtig …,Zuhören war {{c1::unwichtig}} …,04_harry_potter_und_der_feuerkelch
verfärben,verfärbt,VERB,3,,,,,,,Das Feuer des Kelches hatte sich abermals rot verfärbt.,Das Feuer des Kelches hatte sich abermals rot {{c1::verfärbt}}.,04_harry_potter_und_der_feuerkelch
verstärkte,verstärkte,ADJ,3,,,,,,,"»Foul!«, echote Ludo Bagmans magisch kraftvoll verstärkte Stimme.","»Foul!«, echote Ludo Bagmans magisch kraftvoll {{c1::verstärkte}} Stimme.",04_harry_potter_und_der_feuerkelch
wehrlos,wehrlos,ADV,3,,,,,,,"»Das ist widerlich«, murmelte Ron und beobachtete, wie das kleinste Muggelkind zwanzig Meter über der Erde wie ein Kreisel zu wirbeln begann, das Köpfchen wehrlos von der einen auf die andere Schulter schlagend.","»Das ist widerlich«, murmelte Ron und beobachtete, wie das kleinste Muggelkind zwanzig Meter über der Erde wie ein Kreisel zu wirbeln begann, das Köpfchen {{c1::wehrlos}} von der einen auf die andere Schulter schlagend.",04_harry_potter_und_der_feuerkelch
wenigster,wenigsten,ADV,3,,,,,,,"»Und Sie hätten um ein Haar ausgerechnet die zwei Personen auf dieser Lichtung beschuldigt, die gewiss am wenigsten mit dem Dunklen Mal zu tun haben wollen!«, bellte Mr Crouch.","»Und Sie hätten um ein Haar ausgerechnet die zwei Personen auf dieser Lichtung beschuldigt, die gewiss am {{c1::wenigsten}} mit dem Dunklen Mal zu tun haben wollen!«, bellte Mr Crouch.",04_harry_potter_und_der_feuerkelch
Ähnliches,Ähnliches,NOUN,3,neuter,singular,,,,,"Harry hatte nur einmal etwas Ähnliches gehört, nämlich das Geisterorchester auf der Todestagsfeier des Fast Kopflosen Nick, als alle Mann hoch die Musiksäge gespielt hatten.","Harry hatte nur einmal etwas {{c1::Ähnliches}} gehört, nämlich das Geisterorchester auf der Todestagsfeier des Fast Kopflosen Nick, als alle Mann hoch die Musiksäge gespielt hatten.",04_harry_potter_und_der_feuerkelch
übertreten,übertritt,VERB,3,,,,,,,"Seit er an dieser Schule ist, übertritt er ständig Grenzen –«","Seit er an dieser Schule ist, {{c1::übertritt}} er ständig Grenzen –«",04_harry_potter_und_der_feuerkelch
